{
  "dataset": "adult",
  "model_id": "gpt-4o-mini",
  "n_rows": 2000,
  "n_cols": 14,
  "n_classes": 2,
  "class_map": {
    "<=50K": 0,
    ">50K": 1
  },
  "promptlearn": {
    "accuracy": 0.742,
    "balanced_accuracy": 0.7127894873796513,
    "f1_macro": 0.6860993094184807,
    "f1_weighted": 0.7539219482282861,
    "error_rate": 0.258,
    "fit_time_s": 16.85
  },
  "logreg": {
    "accuracy": 0.864,
    "balanced_accuracy": 0.7990285367334548,
    "f1_macro": 0.8091774425287357,
    "f1_weighted": 0.8615452586206896,
    "error_rate": 0.136,
    "log_loss": 0.3367940524823399,
    "roc_auc": 0.8916644982218752,
    "fit_time_s": 0.03
  },
  "xgboost": {
    "accuracy": 0.856,
    "balanced_accuracy": 0.7854107034434903,
    "f1_macro": 0.7967250141163185,
    "f1_weighted": 0.8529264822134387,
    "error_rate": 0.14400000000000002,
    "log_loss": 0.33712372183799744,
    "roc_auc": 0.8983541504033308,
    "fit_time_s": 0.05
  }
}