{
  "dataset": "bank-marketing",
  "model_id": "gpt-4o",
  "n_rows": 2000,
  "n_cols": 16,
  "n_classes": 2,
  "class_map": {
    "1": 0,
    "2": 1
  },
  "promptlearn": {
    "accuracy": 0.536,
    "balanced_accuracy": 0.6659301811754308,
    "f1_macro": 0.48006310958118187,
    "f1_weighted": 0.6083086632243259,
    "error_rate": 0.46399999999999997,
    "fit_time_s": 11.61
  },
  "logreg": {
    "accuracy": 0.868,
    "balanced_accuracy": 0.6062012078362056,
    "f1_macro": 0.6266799402687905,
    "f1_weighted": 0.8523922349427577,
    "error_rate": 0.132,
    "log_loss": 0.2778753536680064,
    "roc_auc": 0.8736190897039328,
    "fit_time_s": 0.03
  },
  "xgboost": {
    "accuracy": 0.876,
    "balanced_accuracy": 0.6315363087347179,
    "f1_macro": 0.6555555555555556,
    "f1_weighted": 0.8627733333333333,
    "error_rate": 0.124,
    "log_loss": 0.2912200689315796,
    "roc_auc": 0.8723670643688319,
    "fit_time_s": 0.06
  }
}