{
  "dataset": "bank-marketing",
  "model_id": "gpt-5.5",
  "n_rows": 2000,
  "n_cols": 16,
  "n_classes": 2,
  "class_map": {
    "1": 0,
    "2": 1
  },
  "promptlearn": {
    "accuracy": 0.876,
    "balanced_accuracy": 0.7215348357637354,
    "f1_macro": 0.7184991464167665,
    "f1_weighted": 0.8768422505539211,
    "error_rate": 0.124,
    "fit_time_s": 166.69
  },
  "logreg": {
    "accuracy": 0.876,
    "balanced_accuracy": 0.6730740904404183,
    "f1_macro": 0.6883043758043759,
    "f1_weighted": 0.8701949806949808,
    "error_rate": 0.124,
    "log_loss": 0.2941388868761437,
    "roc_auc": 0.863197820002946,
    "fit_time_s": 0.05
  },
  "xgboost": {
    "accuracy": 0.878,
    "balanced_accuracy": 0.6811386065694506,
    "f1_macro": 0.6957029262403847,
    "f1_weighted": 0.8728184294280212,
    "error_rate": 0.122,
    "log_loss": 0.2910509705543518,
    "roc_auc": 0.8806893504197968,
    "fit_time_s": 0.09
  }
}