{
  "dataset": "car",
  "model_id": "gpt-5.5",
  "n_rows": 1728,
  "n_cols": 6,
  "n_classes": 4,
  "class_map": {
    "acc": 0,
    "good": 1,
    "unacc": 2,
    "vgood": 3
  },
  "promptlearn": {
    "accuracy": 0.9398148148148148,
    "balanced_accuracy": 0.7897101291011455,
    "f1_macro": 0.7940082214566204,
    "f1_weighted": 0.9355357312685522,
    "error_rate": 0.06018518518518523,
    "fit_time_s": 213.04
  },
  "logreg": {
    "accuracy": 0.9768518518518519,
    "balanced_accuracy": 0.9680538366336633,
    "f1_macro": 0.9629661602370336,
    "f1_weighted": 0.9768885794302625,
    "error_rate": 0.02314814814814814,
    "log_loss": 0.06323893299775596,
    "roc_auc_ovr": 0.9985627000352773,
    "fit_time_s": 0.07
  },
  "xgboost": {
    "accuracy": 0.9861111111111112,
    "balanced_accuracy": 0.9897122524752475,
    "f1_macro": 0.9829785271546636,
    "f1_weighted": 0.9861346145437055,
    "error_rate": 0.01388888888888884,
    "log_loss": 0.023321032524108887,
    "roc_auc_ovr": 0.9998763686130345,
    "fit_time_s": 0.2
  }
}