{
  "dataset": "credit-g",
  "model_id": "gpt-5.5",
  "n_rows": 1000,
  "n_cols": 20,
  "n_classes": 2,
  "class_map": {
    "bad": 0,
    "good": 1
  },
  "promptlearn": {
    "accuracy": 0.684,
    "balanced_accuracy": 0.7095238095238094,
    "f1_macro": 0.667927700714586,
    "f1_weighted": 0.6971500630517025,
    "error_rate": 0.31599999999999995,
    "fit_time_s": 210.77
  },
  "logreg": {
    "accuracy": 0.736,
    "balanced_accuracy": 0.6590476190476191,
    "f1_macro": 0.6666936005171299,
    "f1_weighted": 0.7274886877828054,
    "error_rate": 0.264,
    "log_loss": 0.5718448304139908,
    "roc_auc": 0.7460571428571429,
    "fit_time_s": 0.04
  },
  "xgboost": {
    "accuracy": 0.764,
    "balanced_accuracy": 0.7095238095238096,
    "f1_macro": 0.7134531325886353,
    "f1_weighted": 0.7615930063137445,
    "error_rate": 0.236,
    "log_loss": 0.5442900657653809,
    "roc_auc": 0.7923047619047618,
    "fit_time_s": 0.08
  }
}