{
  "dataset": "hepatitis",
  "model_id": "gpt-4o",
  "n_rows": 155,
  "n_cols": 19,
  "n_classes": 2,
  "class_map": {
    "DIE": 0,
    "LIVE": 1
  },
  "promptlearn": {
    "accuracy": 0.3076923076923077,
    "balanced_accuracy": 0.28629032258064513,
    "f1_macro": 0.2772820864790666,
    "f1_weighted": 0.3647114724671348,
    "error_rate": 0.6923076923076923,
    "fit_time_s": 6.62
  },
  "logreg": {
    "accuracy": 0.7692307692307693,
    "balanced_accuracy": 0.6693548387096775,
    "f1_macro": 0.6615236258437801,
    "f1_weighted": 0.7741265484756323,
    "error_rate": 0.23076923076923073,
    "log_loss": 0.4226339494417903,
    "roc_auc": 0.842741935483871,
    "fit_time_s": 0.02
  },
  "xgboost": {
    "accuracy": 0.7948717948717948,
    "balanced_accuracy": 0.685483870967742,
    "f1_macro": 0.685483870967742,
    "f1_weighted": 0.7948717948717948,
    "error_rate": 0.20512820512820518,
    "log_loss": 0.438829630613327,
    "roc_auc": 0.8387096774193549,
    "fit_time_s": 0.04
  }
}