{
  "dataset": "hepatitis",
  "model_id": "gpt-5.5",
  "n_rows": 155,
  "n_cols": 19,
  "n_classes": 2,
  "class_map": {
    "DIE": 0,
    "LIVE": 1
  },
  "promptlearn": {
    "accuracy": 0.7948717948717948,
    "balanced_accuracy": 0.7782258064516129,
    "f1_macro": 0.7310344827586206,
    "f1_weighted": 0.8083112290008841,
    "error_rate": 0.20512820512820518,
    "fit_time_s": 157.67
  },
  "logreg": {
    "accuracy": 0.7435897435897436,
    "balanced_accuracy": 0.560483870967742,
    "f1_macro": 0.5647321428571428,
    "f1_weighted": 0.7292811355311355,
    "error_rate": 0.2564102564102564,
    "log_loss": 0.7162389000500974,
    "roc_auc": 0.7419354838709677,
    "fit_time_s": 0.03
  },
  "xgboost": {
    "accuracy": 0.8205128205128205,
    "balanced_accuracy": 0.7016129032258065,
    "f1_macro": 0.711111111111111,
    "f1_weighted": 0.8159544159544159,
    "error_rate": 0.17948717948717952,
    "log_loss": 0.47259894013404846,
    "roc_auc": 0.8306451612903225,
    "fit_time_s": 0.05
  }
}