{
  "dataset": "kr-vs-kp",
  "model_id": "gpt-4o",
  "n_rows": 2000,
  "n_cols": 36,
  "n_classes": 2,
  "class_map": {
    "nowin": 0,
    "won": 1
  },
  "promptlearn": {
    "accuracy": 0.478,
    "balanced_accuracy": 0.4961538461538461,
    "f1_macro": 0.3568608897496932,
    "f1_weighted": 0.34569599479574786,
    "error_rate": 0.522,
    "fit_time_s": 6.78
  },
  "logreg": {
    "accuracy": 0.96,
    "balanced_accuracy": 0.9597756410256411,
    "f1_macro": 0.9599224097853445,
    "f1_weighted": 0.9599929463441221,
    "error_rate": 0.040000000000000036,
    "log_loss": 0.11284996801800946,
    "roc_auc": 0.9946474358974359,
    "fit_time_s": 0.04
  },
  "xgboost": {
    "accuracy": 0.992,
    "balanced_accuracy": 0.9916666666666667,
    "f1_macro": 0.9919815254346014,
    "f1_weighted": 0.9919969209057669,
    "error_rate": 0.008000000000000007,
    "log_loss": 0.04522731155157089,
    "roc_auc": 0.9995673076923077,
    "fit_time_s": 0.06
  }
}