{
  "dataset": "kr-vs-kp",
  "model_id": "gpt-5.5",
  "n_rows": 2000,
  "n_cols": 36,
  "n_classes": 2,
  "class_map": {
    "nowin": 0,
    "won": 1
  },
  "promptlearn": {
    "accuracy": 0.514,
    "balanced_accuracy": 0.5064102564102564,
    "f1_macro": 0.4915786170101475,
    "f1_weighted": 0.4958493566272623,
    "error_rate": 0.486,
    "fit_time_s": 148.69
  },
  "logreg": {
    "accuracy": 0.956,
    "balanced_accuracy": 0.9554487179487179,
    "f1_macro": 0.9558807014166306,
    "f1_weighted": 0.955972469557684,
    "error_rate": 0.04400000000000004,
    "log_loss": 0.11437139105181708,
    "roc_auc": 0.9927884615384615,
    "fit_time_s": 0.05
  },
  "xgboost": {
    "accuracy": 0.998,
    "balanced_accuracy": 0.9979166666666667,
    "f1_macro": 0.9979964657656105,
    "f1_weighted": 0.9979998317031243,
    "error_rate": 0.0020000000000000018,
    "log_loss": 0.031148700043559074,
    "roc_auc": 1.0,
    "fit_time_s": 0.08
  }
}