{
  "dataset": "lymph",
  "model_id": "gpt-5.5",
  "n_rows": 148,
  "n_cols": 18,
  "n_classes": 4,
  "class_map": {
    "fibrosis": 0,
    "malign_lymph": 1,
    "metastases": 2,
    "normal": 3
  },
  "promptlearn": {
    "accuracy": 0.8378378378378378,
    "balanced_accuracy": 0.9041666666666666,
    "f1_macro": 0.9082167832167832,
    "f1_weighted": 0.8327348327348328,
    "error_rate": 0.16216216216216217,
    "fit_time_s": 164.95
  },
  "logreg": {
    "accuracy": 0.8918918918918919,
    "balanced_accuracy": 0.7041666666666666,
    "f1_macro": 0.7003284072249589,
    "f1_weighted": 0.8795544312785692,
    "error_rate": 0.10810810810810811,
    "log_loss": 0.22294924802012997,
    "roc_auc_ovr": 0.9873663101604278,
    "fit_time_s": 0.03
  },
  "xgboost": {
    "accuracy": 0.8918918918918919,
    "balanced_accuracy": 0.4666666666666667,
    "f1_macro": 0.45669607056936645,
    "f1_weighted": 0.8662953249962071,
    "error_rate": 0.10810810810810811,
    "log_loss": 0.4551800489425659,
    "roc_auc_ovr": 0.9245395127748068,
    "fit_time_s": 0.06
  }
}