{
  "dataset": "lymph",
  "model_id": "gpt-4o",
  "n_rows": 148,
  "n_cols": 18,
  "n_classes": 4,
  "class_map": {
    "fibrosis": 0,
    "malign_lymph": 1,
    "metastases": 2,
    "normal": 3
  },
  "promptlearn": {
    "accuracy": 0.5405405405405406,
    "balanced_accuracy": 0.7541666666666667,
    "f1_macro": 0.7539288668320927,
    "f1_weighted": 0.5420606710929291,
    "error_rate": 0.45945945945945943,
    "fit_time_s": 5.9
  },
  "logreg": {
    "accuracy": 0.8648648648648649,
    "balanced_accuracy": 0.6875,
    "f1_macro": 0.6852159468438539,
    "f1_weighted": 0.8522043638322708,
    "error_rate": 0.1351351351351351,
    "log_loss": 0.2927972130376673,
    "roc_auc_ovr": 0.9784313725490196,
    "fit_time_s": 0.03
  },
  "xgboost": {
    "accuracy": 0.8648648648648649,
    "balanced_accuracy": 0.6875,
    "f1_macro": 0.6852159468438539,
    "f1_weighted": 0.8522043638322708,
    "error_rate": 0.1351351351351351,
    "log_loss": 0.4699508547782898,
    "roc_auc_ovr": 0.8836527035056446,
    "fit_time_s": 0.06
  }
}