{
  "dataset": "monks-2",
  "model_id": "gpt-4o",
  "n_rows": 601,
  "n_cols": 6,
  "n_classes": 2,
  "class_map": {
    "0": 0,
    "1": 1
  },
  "promptlearn": {
    "accuracy": 0.5231788079470199,
    "balanced_accuracy": 0.5176767676767677,
    "f1_macro": 0.5074302283436027,
    "f1_weighted": 0.5348444224680696,
    "error_rate": 0.4768211920529801,
    "fit_time_s": 7.76
  },
  "logreg": {
    "accuracy": 0.6026490066225165,
    "balanced_accuracy": 0.46416083916083917,
    "f1_macro": 0.3911290322580645,
    "f1_weighted": 0.5028305917538987,
    "error_rate": 0.3973509933774835,
    "log_loss": 0.6621900409971098,
    "roc_auc": 0.5021367521367521,
    "fit_time_s": 0.02
  },
  "xgboost": {
    "accuracy": 0.9006622516556292,
    "balanced_accuracy": 0.8922882672882673,
    "f1_macro": 0.8905003625815808,
    "f1_weighted": 0.9008831622876736,
    "error_rate": 0.09933774834437081,
    "log_loss": 0.3443555533885956,
    "roc_auc": 0.9343434343434344,
    "fit_time_s": 0.04
  }
}