{
  "dataset": "monks-2",
  "model_id": "gpt-5.5",
  "n_rows": 601,
  "n_cols": 6,
  "n_classes": 2,
  "class_map": {
    "0": 0,
    "1": 1
  },
  "promptlearn": {
    "accuracy": 0.5231788079470199,
    "balanced_accuracy": 0.4994172494172494,
    "f1_macro": 0.4961067853170189,
    "f1_weighted": 0.5324606442773059,
    "error_rate": 0.4768211920529801,
    "fit_time_s": 121.04
  },
  "logreg": {
    "accuracy": 1.0,
    "balanced_accuracy": 1.0,
    "f1_macro": 1.0,
    "f1_weighted": 1.0,
    "error_rate": 0.0,
    "log_loss": 0.051369995648246305,
    "roc_auc": 1.0,
    "fit_time_s": 0.03
  },
  "xgboost": {
    "accuracy": 1.0,
    "balanced_accuracy": 1.0,
    "f1_macro": 1.0,
    "f1_weighted": 1.0,
    "error_rate": 0.0,
    "log_loss": 0.0073365927673876286,
    "roc_auc": 1.0,
    "fit_time_s": 0.04
  }
}