{
  "dataset": "mushroom",
  "model_id": "gpt-5.5",
  "n_rows": 2000,
  "n_cols": 22,
  "n_classes": 2,
  "class_map": {
    "e": 0,
    "p": 1
  },
  "promptlearn": {
    "accuracy": 0.994,
    "balanced_accuracy": 0.994140625,
    "f1_macro": 0.9939980553699399,
    "f1_weighted": 0.99400064821002,
    "error_rate": 0.006000000000000005,
    "fit_time_s": 159.8
  },
  "logreg": {
    "accuracy": 1.0,
    "balanced_accuracy": 1.0,
    "f1_macro": 1.0,
    "f1_weighted": 1.0,
    "error_rate": 0.0,
    "log_loss": 0.0016165042903861352,
    "roc_auc": 1.0,
    "fit_time_s": 0.03
  },
  "xgboost": {
    "accuracy": 1.0,
    "balanced_accuracy": 1.0,
    "f1_macro": 1.0,
    "f1_weighted": 1.0,
    "error_rate": 0.0,
    "log_loss": 0.0027995642740279436,
    "roc_auc": 1.0,
    "fit_time_s": 0.06
  }
}