{
  "dataset": "mushroom",
  "model_id": "gpt-4o",
  "n_rows": 2000,
  "n_cols": 22,
  "n_classes": 2,
  "class_map": {
    "e": 0,
    "p": 1
  },
  "promptlearn": {
    "accuracy": 0.844,
    "balanced_accuracy": 0.8401639344262295,
    "f1_macro": 0.8387763538652335,
    "f1_weighted": 0.8394728400165358,
    "error_rate": 0.15600000000000003,
    "fit_time_s": 5.92
  },
  "logreg": {
    "accuracy": 1.0,
    "balanced_accuracy": 1.0,
    "f1_macro": 1.0,
    "f1_weighted": 1.0,
    "error_rate": 0.0,
    "log_loss": 0.009514252826261215,
    "roc_auc": 1.0,
    "fit_time_s": 0.04
  },
  "xgboost": {
    "accuracy": 1.0,
    "balanced_accuracy": 1.0,
    "f1_macro": 1.0,
    "f1_weighted": 1.0,
    "error_rate": 0.0,
    "log_loss": 0.0029410729184746742,
    "roc_auc": 1.0,
    "fit_time_s": 0.05
  }
}