{
  "dataset": "vote",
  "model_id": "gpt-4o",
  "n_rows": 435,
  "n_cols": 16,
  "n_classes": 2,
  "class_map": {
    "democrat": 0,
    "republican": 1
  },
  "promptlearn": {
    "accuracy": 0.5137614678899083,
    "balanced_accuracy": 0.47565742714996445,
    "f1_macro": 0.473909480010928,
    "f1_weighted": 0.5071194699100783,
    "error_rate": 0.4862385321100917,
    "fit_time_s": 10.21
  },
  "logreg": {
    "accuracy": 0.963302752293578,
    "balanced_accuracy": 0.9612651030561479,
    "f1_macro": 0.9612651030561479,
    "f1_weighted": 0.963302752293578,
    "error_rate": 0.03669724770642202,
    "log_loss": 0.1111333405610532,
    "roc_auc": 0.990405117270789,
    "fit_time_s": 0.02
  },
  "xgboost": {
    "accuracy": 0.9724770642201835,
    "balanced_accuracy": 0.9731698649609097,
    "f1_macro": 0.9710747456877488,
    "f1_weighted": 0.9725354941590348,
    "error_rate": 0.02752293577981646,
    "log_loss": 0.13852638006210327,
    "roc_auc": 0.9758351101634682,
    "fit_time_s": 0.04
  }
}