{
  "dataset": "vote",
  "model_id": "gpt-5.5",
  "n_rows": 435,
  "n_cols": 16,
  "n_classes": 2,
  "class_map": {
    "democrat": 0,
    "republican": 1
  },
  "promptlearn": {
    "accuracy": 0.9541284403669725,
    "balanced_accuracy": 0.9538024164889836,
    "f1_macro": 0.9517912428129146,
    "f1_weighted": 0.9542258235983915,
    "error_rate": 0.04587155963302747,
    "fit_time_s": 118.02
  },
  "logreg": {
    "accuracy": 0.963302752293578,
    "balanced_accuracy": 0.9612651030561479,
    "f1_macro": 0.9612651030561479,
    "f1_weighted": 0.963302752293578,
    "error_rate": 0.03669724770642202,
    "log_loss": 0.10473136470010075,
    "roc_auc": 0.992181947405828,
    "fit_time_s": 0.03
  },
  "xgboost": {
    "accuracy": 0.9541284403669725,
    "balanced_accuracy": 0.9449182658137882,
    "f1_macro": 0.950887627286654,
    "f1_weighted": 0.9537812103940813,
    "error_rate": 0.04587155963302747,
    "log_loss": 0.13265539705753326,
    "roc_auc": 0.9914712153518124,
    "fit_time_s": 0.05
  }
}