{
  "dataset": "adult",
  "n_rows": 2000,
  "skip_reason": null,
  "probe_score_base": 0.7777777777777778,
  "probe_score_fe": 0.8155555555555556,
  "probe_delta": 0.0377777777777778,
  "baseline": {
    "logreg": 0.794,
    "xgboost": 0.856
  },
  "afe": {
    "logreg": 0.828,
    "xgboost": 0.866
  },
  "afe_delta": {
    "logreg": 0.03399999999999992,
    "xgboost": 0.010000000000000009
  }
}