{
  "dataset": "car",
  "n_rows": 1728,
  "skip_reason": null,
  "probe_score_base": 0.6881534486185649,
  "probe_score_fe": 0.9356191612005565,
  "probe_delta": 0.24746571258199168,
  "baseline": {
    "logreg": 0.6828703703703703,
    "xgboost": 0.9837962962962963
  },
  "afe": {
    "logreg": 0.9699074074074074,
    "xgboost": 0.9976851851851852
  },
  "afe_delta": {
    "logreg": 0.2870370370370371,
    "xgboost": 0.01388888888888895
  }
}