{
  "dataset": "credit-g",
  "n_rows": 1000,
  "skip_reason": null,
  "probe_score_base": 0.6977777777777777,
  "probe_score_fe": 0.7377777777777778,
  "probe_delta": 0.040000000000000036,
  "baseline": {
    "logreg": 0.7,
    "xgboost": 0.768
  },
  "afe": {
    "logreg": 0.768,
    "xgboost": 0.74
  },
  "afe_delta": {
    "logreg": 0.06800000000000006,
    "xgboost": -0.028000000000000025
  }
}