{
  "dataset": "monks-2",
  "n_rows": 601,
  "skip_reason": null,
  "probe_score_base": 0.5333333333333333,
  "probe_score_fe": 1.0,
  "probe_delta": 0.4666666666666667,
  "baseline": {
    "logreg": 0.6291390728476821,
    "xgboost": 0.9006622516556292
  },
  "afe": {
    "logreg": 0.6490066225165563,
    "xgboost": 1.0
  },
  "afe_delta": {
    "logreg": 0.019867549668874163,
    "xgboost": 0.09933774834437081
  }
}