{
  "dataset": "nursery",
  "n_rows": 2000,
  "skip_reason": null,
  "probe_score_base": 0.8977777777777778,
  "probe_score_fe": 0.9199999999999999,
  "probe_delta": 0.022222222222222143,
  "baseline": {
    "logreg": 0.914,
    "xgboost": 0.988
  },
  "afe": {
    "logreg": 0.952,
    "xgboost": 0.968
  },
  "afe_delta": {
    "logreg": 0.03799999999999992,
    "xgboost": -0.020000000000000018
  }
}