{
  "dataset": "soybean",
  "n_rows": 683,
  "skip_reason": null,
  "probe_score_base": 0.8039215686274509,
  "probe_score_fe": 0.8627450980392156,
  "probe_delta": 0.05882352941176472,
  "baseline": {
    "logreg": 0.8421052631578947,
    "xgboost": 0.8771929824561403
  },
  "afe": {
    "logreg": 0.9239766081871345,
    "xgboost": 0.9298245614035088
  },
  "afe_delta": {
    "logreg": 0.08187134502923976,
    "xgboost": 0.052631578947368474
  }
}