{
  "dataset": "tic-tac-toe",
  "n_rows": 958,
  "skip_reason": null,
  "probe_score_base": 0.6141757955138236,
  "probe_score_fe": 1.0,
  "probe_delta": 0.3858242044861764,
  "baseline": {
    "logreg": 0.6708333333333333,
    "xgboost": 0.9958333333333333
  },
  "afe": {
    "logreg": 1.0,
    "xgboost": 1.0
  },
  "afe_delta": {
    "logreg": 0.3291666666666667,
    "xgboost": 0.004166666666666652
  }
}